model,chi2,p_value,dof,significant,n_schemes
anthropic:claude-opus-4-20250514,135.95269565217393,3.5776138184787865e-26,7,True,8
anthropic:claude-sonnet-4-20250514,161.3381818181818,1.6770639277674966e-31,7,True,8
