model,rate_zw,rate_tag,n_zw,n_tag,odds_ratio,p_value,cohens_h,significant
anthropic:claude-opus-4-20250514,0.31666666666666665,0.725,120,120,0.1757779646761985,3.204345411149074e-10,-0.8421889470283355,True
anthropic:claude-sonnet-4-20250514,0.625,0.75,120,120,0.5555555555555556,0.05084196812482151,-0.2709185204562199,False
