model,chi2,p_value,dof,significant,n_schemes
anthropic:claude-haiku-4-5-20251001,191.64444444444445,6.735753786126319e-38,7,True,8
anthropic:claude-opus-4-20250514,402.6401543340138,6.476532692811419e-83,7,True,8
anthropic:claude-sonnet-4-20250514,546.6936608883884,7.263808459172334e-114,7,True,8
openai:gpt-4o-mini,43.87958139036286,2.2549345331582782e-07,7,True,8
openai:gpt-5.2,338.24006155157804,4.0499015754956216e-69,7,True,8
