model,rate_benign,rate_injection,n_benign,n_injection,odds_ratio,p_value,cohens_h,significant
anthropic:claude-haiku-4-5-20251001,0.23703703703703705,0.28888888888888886,1080,360,0.7647498132935027,0.057601388276330975,-0.11790801623688885,False
anthropic:claude-opus-4-20250514,0.31986242476354254,0.2388888888888889,1163,360,1.498368270955223,0.0037582913319395197,0.1808918097162091,True
anthropic:claude-sonnet-4-20250514,0.4373015873015873,0.5958005249343832,1260,381,0.5272301373778294,6.509287454011202e-08,-0.31852096388915707,True
openai:gpt-4o-mini,0.002819548872180451,0.02727272727272727,1064,330,0.10084825636192271,0.00023444493274076396,-0.22556035604823826,True
openai:gpt-5.2,0.1175925925925926,0.06111111111111111,1080,360,2.047410092530764,0.001870090684159337,0.20044982735866568,True
